Weather_ID,City,Country,Lat,Lng,Max Temp,Humidity,Cloudiness,Wind Speed,Current Description
0,Saint Pete Beach,US,27.7253,-82.7412,63.34,72,0,8.05,clear sky
1,Castro,BR,-24.7911,-50.0119,66.67,91,48,4.47,scattered clouds
2,Qaanaaq,GL,77.484,-69.3632,-9.56,80,93,6.17,overcast clouds
3,Honningsvag,NO,70.9821,25.9704,19.54,86,100,7.25,light snow
4,Atuona,PF,-9.8,-139.0333,78.08,77,19,12.91,light rain
5,Vaini,TO,-21.2,-175.2,86.16,74,40,13.8,scattered clouds
6,Osoyoos,CA,49.0331,-119.4524,48.33,61,54,4.61,broken clouds
7,Bairiki,KI,1.3292,172.9752,86.0,70,20,9.22,few clouds
8,Mataura,NZ,-46.1927,168.8643,62.47,48,37,2.28,scattered clouds
9,Kambove,CD,-10.8764,26.5969,61.7,98,99,3.2,light rain
10,Iqaluit,CA,63.7506,-68.5145,-14.31,62,100,6.91,light snow
11,Nador,MA,35.174,-2.9287,52.05,71,0,3.44,clear sky
12,Rikitea,PF,-23.1203,-134.9692,78.62,71,66,12.82,broken clouds
13,Airai,TL,-8.9266,125.4092,62.53,85,40,2.28,scattered clouds
14,Hermanus,ZA,-34.4187,19.2345,71.91,83,67,18.97,broken clouds
15,Pisco,PE,-13.7,-76.2167,73.45,64,0,20.71,clear sky
16,Kapaa,US,22.0752,-159.319,82.38,60,40,16.11,scattered clouds
17,Kavieng,PG,-2.5744,150.7967,81.99,77,97,6.24,moderate rain
18,Karratha,AU,-20.7377,116.8463,85.93,56,76,4.52,broken clouds
19,Quatre Cocos,MU,-20.2078,57.7625,81.09,85,87,14.56,light rain
20,Olafsvik,IS,64.8945,-23.7142,32.5,71,100,16.42,light snow
21,Albany,US,42.6001,-73.9662,23.27,55,100,8.37,overcast clouds
22,Havre-Saint-Pierre,CA,50.2334,-63.5986,5.0,65,0,13.8,clear sky
23,Busselton,AU,-33.65,115.3333,66.04,71,0,12.26,clear sky
24,Tabuk,PH,17.4189,121.4443,70.79,93,38,1.79,scattered clouds
25,Ushuaia,AR,-54.8,-68.3,38.86,81,75,16.11,broken clouds
26,Saint George,US,37.1041,-113.5841,73.87,14,0,3.0,clear sky
27,Muromtsevo,RU,56.3724,75.2418,6.42,96,99,6.49,overcast clouds
28,Ilulissat,GL,69.2167,-51.1,10.42,85,100,26.46,heavy shower snow
29,Thompson,CA,55.7435,-97.8558,-5.64,71,20,2.3,few clouds
30,Barrow,US,71.2906,-156.7887,-27.38,68,0,9.22,clear sky
31,Newnan,US,33.3807,-84.7997,46.6,31,0,4.61,clear sky
32,New Norfolk,AU,-42.7826,147.0587,63.66,65,96,3.13,overcast clouds
33,Torbay,CA,47.6666,-52.7314,35.58,75,75,14.97,broken clouds
34,Coquimbo,CL,-29.9533,-71.3436,67.73,68,0,11.5,clear sky
35,Lebu,CL,-37.6167,-73.65,62.22,81,75,6.62,broken clouds
36,Bredasdorp,ZA,-34.5322,20.0403,65.52,72,97,8.05,overcast clouds
37,Fortuna,US,40.5982,-124.1573,72.43,100,100,6.91,overcast clouds
38,Makakilo City,US,21.3469,-158.0858,79.61,47,0,11.5,clear sky
39,Cape Town,ZA,-33.9258,18.4232,68.41,80,20,18.41,few clouds
40,Butaritari,KI,3.0707,172.7902,80.8,79,68,12.53,moderate rain
41,Pauini,BR,-7.7136,-66.9764,74.03,98,95,2.13,overcast clouds
42,Saint-Louis,SN,16.3333,-15.0,74.84,15,81,9.93,broken clouds
43,Punta Arenas,CL,-53.15,-70.9167,48.31,43,20,20.71,few clouds
44,Sao Joao Da Barra,BR,-21.6403,-41.0511,76.26,89,5,11.74,clear sky
45,Provideniya,RU,64.3833,-173.3,-3.89,71,0,8.95,clear sky
46,Avarua,CK,-21.2078,-159.775,82.45,74,20,4.61,light rain
47,Zlitan,LY,32.4674,14.5687,55.85,65,60,8.23,broken clouds
48,Tasiilaq,GL,65.6145,-37.6368,21.36,93,100,14.36,light snow
49,Bethel,US,41.3712,-73.414,29.1,67,100,6.91,overcast clouds
50,Kodiak,US,57.79,-152.4072,38.71,65,0,10.36,clear sky
51,Victoria,HK,22.2855,114.1577,60.24,83,100,8.99,overcast clouds
52,Kuytun,RU,54.3419,101.5036,-27.67,100,100,3.2,overcast clouds
53,Denzlingen,DE,48.0667,7.8833,42.49,65,11,6.17,few clouds
54,Huilong,CN,31.8111,121.655,42.04,84,0,9.46,clear sky
55,Bathsheba,BB,13.2167,-59.5167,77.61,73,20,16.11,few clouds
56,Tuktoyaktuk,CA,69.4541,-133.0374,-32.8,68,75,6.91,broken clouds
57,Norman Wells,CA,65.282,-126.8329,-7.56,64,100,5.75,overcast clouds
58,Gilbues,BR,-9.8317,-45.3439,74.71,82,92,1.23,moderate rain
59,Zhigansk,RU,66.7697,123.3711,-37.35,100,56,1.54,broken clouds
60,Sohag,EG,26.557,31.6948,52.09,44,0,7.4,clear sky
61,Gushikawa,JP,26.3544,127.8686,63.99,94,75,8.05,light rain
62,Santa Luzia,BR,-19.7697,-43.8514,70.7,91,75,2.3,broken clouds
63,Bluff,NZ,-46.6,168.3333,62.8,65,34,0.34,scattered clouds
64,Fallon,US,39.4735,-118.7774,70.29,16,40,0.0,scattered clouds
65,Ahipara,NZ,-35.1667,173.1667,68.63,57,86,8.86,overcast clouds
66,Port Lincoln,AU,-34.7333,135.8667,67.86,80,96,10.0,overcast clouds
67,Bubaque,GW,11.2833,-15.8333,78.08,68,3,12.82,clear sky
68,Hithadhoo,MV,-0.6,73.0833,82.04,73,81,10.74,broken clouds
69,Kharp,RU,66.8014,65.8081,-12.77,100,100,2.1,overcast clouds
70,Vila Franca Do Campo,PT,37.7167,-25.4333,59.2,74,17,5.41,few clouds
71,Mount Gambier,AU,-37.8333,140.7667,67.91,68,75,11.5,broken clouds
72,Saint-Philippe,RE,-21.3585,55.7679,78.39,88,42,12.03,light rain
73,Bambous Virieux,MU,-20.3428,57.7575,81.21,94,40,8.05,light rain
74,Ndungu,TZ,-4.3667,38.05,73.38,89,94,1.97,overcast clouds
75,Ahar,IR,38.4774,47.0699,27.25,83,98,0.43,overcast clouds
76,Assomada,CV,15.1,-23.6833,67.55,74,61,12.5,broken clouds
77,Gravatai,BR,-29.9444,-50.9919,73.87,91,40,6.91,scattered clouds
78,Marquette,US,46.5333,-87.6335,8.33,70,99,1.12,overcast clouds
79,Tiksi,RU,71.6872,128.8694,-12.68,93,12,11.59,few clouds
80,Carnarvon,AU,-24.8667,113.6333,77.07,88,3,0.0,clear sky
81,Nikolskoye,RU,59.7035,30.7861,35.87,92,100,12.21,light snow
82,Mar Del Plata,AR,-38.0023,-57.5575,66.22,70,0,3.44,clear sky
83,Tessalit,ML,20.1986,1.0114,64.22,19,11,10.6,few clouds
84,Kloulklubed,PW,7.0419,134.2556,79.3,82,100,22.91,overcast clouds
85,Calabozo,VE,8.9242,-67.4293,87.85,31,76,4.81,broken clouds
86,Georgetown,MY,5.4112,100.3354,79.9,90,40,3.44,scattered clouds
87,Touros,BR,-5.1989,-35.4608,83.3,76,8,14.0,clear sky
88,George,ZA,-33.963,22.4617,65.75,94,75,3.44,broken clouds
89,Halifax,CA,44.6453,-63.5724,28.45,82,100,6.91,overcast clouds
90,Mwense,ZM,-10.3845,28.698,64.65,97,100,1.41,light rain
91,Boda,CF,4.3189,17.4695,75.96,22,100,2.17,overcast clouds
92,Kargil,IN,34.5667,76.1,-1.23,95,100,2.48,overcast clouds
93,Saint-Joseph,RE,-21.3667,55.6167,77.38,85,21,12.37,light rain
94,Bud,US,39.447,-86.1758,22.12,75,100,9.71,overcast clouds
95,Ponta Do Sol,PT,32.6667,-17.1,63.05,57,95,1.97,overcast clouds
96,Alamor,EC,-4.0181,-80.0197,68.68,93,96,2.84,moderate rain
97,Shalinskoye,RU,55.7228,93.7594,-22.11,100,99,4.43,overcast clouds
98,Morondava,MG,-20.2833,44.2833,80.62,82,85,1.9,light rain
99,Nara,JP,34.6851,135.8049,43.92,47,100,2.73,overcast clouds
100,Baykit,RU,61.67,96.37,-20.51,100,86,3.69,overcast clouds
101,Puerto Ayora,EC,-0.7393,-90.3518,76.55,90,91,1.99,overcast clouds
102,Yar-Sale,RU,66.8333,70.8333,-17.28,98,100,8.08,overcast clouds
103,Kaitangata,NZ,-46.2817,169.8464,59.94,67,8,4.63,clear sky
104,Cabra,ES,37.4725,-4.4421,56.39,81,100,4.34,overcast clouds
105,Mahajanga,MG,-15.7167,46.3167,77.5,84,23,4.54,moderate rain
106,Calama,CL,-22.4667,-68.9333,70.29,19,0,25.32,clear sky
107,Aykhal,RU,66.0,111.5,-8.19,49,51,1.28,broken clouds
108,Hilo,US,19.7297,-155.09,78.53,73,40,9.22,scattered clouds
109,Wagar,SD,16.1525,36.2032,68.94,60,87,14.43,overcast clouds
110,Hobart,AU,-42.8794,147.3294,64.02,73,100,10.36,light rain
111,San Borja,BO,-14.8167,-66.85,73.18,88,95,2.68,overcast clouds
112,Flinders,AU,-34.5833,150.8552,74.48,71,100,5.99,overcast clouds
113,Lagoa,PT,39.05,-27.9833,56.5,59,88,4.7,overcast clouds
114,Constitucion,CL,-35.3333,-72.4167,63.77,80,58,6.2,broken clouds
115,Jamestown,US,42.097,-79.2353,18.09,57,100,8.05,overcast clouds
116,Port Elizabeth,ZA,-33.918,25.5701,66.49,94,75,10.36,broken clouds
117,Geraldton,AU,-28.7667,114.6,75.61,83,40,3.44,scattered clouds
118,Cherskiy,RU,68.75,161.3,-23.64,97,98,7.85,overcast clouds
119,Faanui,PF,-16.4833,-151.75,80.92,73,100,13.89,light rain
120,Waddan,LY,29.1614,16.139,53.1,44,0,10.69,clear sky
121,Stornoway,GB,58.2093,-6.3865,41.04,94,40,10.36,scattered clouds
122,East London,ZA,-33.0153,27.9116,73.27,81,87,11.56,overcast clouds
123,Zhezkazgan,KZ,47.8043,67.7144,29.82,98,100,16.11,light snow
124,Alofi,NU,-19.0595,-169.9187,85.89,62,100,10.36,overcast clouds
125,Mapiripan,CO,2.8892,-72.1256,86.07,44,96,5.68,overcast clouds
126,Isabela,PH,6.7085,121.9711,77.05,79,94,1.57,overcast clouds
127,Caravelas,BR,-17.7125,-39.2481,76.19,85,82,5.95,broken clouds
128,Margate,GB,51.3813,1.3862,50.97,89,100,10.0,light rain
129,Sibolga,ID,1.7427,98.7792,74.98,89,74,3.69,broken clouds
130,Kushima,JP,31.4583,131.2333,48.24,91,100,5.01,overcast clouds
131,Sitka,US,57.0531,-135.33,42.69,81,100,4.61,light rain
132,Dikson,RU,73.5069,80.5464,-4.94,87,100,24.45,overcast clouds
133,Villa Union,MX,23.2,-106.2333,80.56,41,75,13.8,broken clouds
134,Hasaki,JP,35.7333,140.8333,36.28,75,100,31.41,light rain
135,Port Alfred,ZA,-33.5906,26.891,70.56,87,76,11.3,broken clouds
136,Iskilip,TR,40.7353,34.4739,32.72,90,100,3.6,overcast clouds
137,Ewo,CG,-0.8725,14.8206,75.38,77,100,4.43,overcast clouds
138,Punta Alta,AR,-38.8759,-62.0736,80.55,29,0,7.23,clear sky
139,Bonavista,CA,48.6499,-53.1147,36.12,75,100,16.98,overcast clouds
140,Cap-Aux-Meules,CA,47.3821,-61.8597,15.82,73,75,11.5,broken clouds
141,Sarankhola,BD,22.3082,89.7897,57.61,60,5,5.93,clear sky
142,Henties Bay,NA,-22.116,14.2845,71.85,87,65,5.68,moderate rain
143,Bima,ID,-8.4667,118.7167,77.14,91,94,2.24,overcast clouds
144,Upernavik,GL,72.7868,-56.1549,-5.75,95,100,13.96,overcast clouds
145,Axim,GH,4.8699,-2.2405,78.1,88,17,5.66,light rain
146,Penzance,GB,50.1186,-5.5371,47.41,70,100,22.7,overcast clouds
147,Kamaishi,JP,39.2667,141.8833,23.95,57,89,5.32,overcast clouds
148,Ribeira Grande,PT,38.5167,-28.7,58.12,69,100,10.07,overcast clouds
149,Vao,NC,-22.6667,167.4833,79.74,83,100,7.78,overcast clouds
150,Buala,SB,-8.145,159.5921,82.02,79,93,8.63,light rain
151,Katsuura,JP,35.1333,140.3,39.11,89,100,27.02,light rain
152,Saint-Denis,FR,48.9167,2.3333,55.18,65,75,19.57,broken clouds
153,Millinocket,US,45.6573,-68.7098,15.35,40,0,4.61,clear sky
154,Ulladulla,AU,-35.35,150.4667,75.78,52,100,8.95,overcast clouds
155,Talnakh,RU,69.4865,88.3972,-7.6,70,13,8.93,few clouds
156,Marapanim,BR,-0.7175,-47.6997,74.08,97,100,3.09,moderate rain
157,Moerai,PF,-22.4333,-151.3333,78.87,74,99,12.59,overcast clouds
158,Tura,IN,25.5198,90.2201,53.44,73,0,4.68,clear sky
159,Dongsheng,CN,39.8161,109.9776,8.38,61,82,2.06,broken clouds
160,La Ronge,CA,55.1001,-105.2842,12.45,73,40,8.05,scattered clouds
161,Sao Filipe,CV,14.8961,-24.4956,73.94,67,61,10.78,broken clouds
162,Khatanga,RU,71.9667,102.5,-26.57,97,75,2.68,broken clouds
163,Coihaique,CL,-45.5752,-72.0662,76.95,33,0,9.22,clear sky
164,Arraial Do Cabo,BR,-22.9661,-42.0278,75.81,89,9,11.25,clear sky
165,Dover,US,39.1582,-75.5244,33.98,91,100,10.36,overcast clouds
166,Hamilton,US,39.1834,-84.5333,24.73,84,100,12.66,mist
167,Centralia,US,46.7162,-122.9543,63.75,49,0,13.8,clear sky
168,Argelia,CO,2.2556,-77.2488,66.56,99,100,0.85,moderate rain
169,Moba,CN,33.2288,105.0179,28.09,93,83,1.9,broken clouds
170,La Asuncion,VE,11.0333,-63.8628,80.33,69,95,20.71,overcast clouds
171,Marystown,CA,47.1666,-55.1483,33.85,100,83,1.99,broken clouds
172,Acarau,BR,-2.8856,-40.12,79.72,80,12,15.46,few clouds
173,Nelson Bay,AU,-32.7167,152.15,79.09,66,96,1.99,overcast clouds
174,Itaituba,BR,-4.2761,-55.9836,75.58,86,46,2.08,scattered clouds
175,Doha,QA,25.2867,51.5333,62.58,61,0,8.05,clear sky
176,Tsimlyansk,RU,47.6461,42.1019,28.58,81,3,4.97,clear sky
177,Esperance,AU,-33.8667,121.9,64.24,72,41,12.68,scattered clouds
178,Gudivada,IN,16.45,80.9833,65.97,85,5,5.26,clear sky
179,Sioux Lookout,CA,50.1001,-91.917,-1.82,59,100,2.3,overcast clouds
180,Kouroussa,GN,10.65,-9.8833,75.85,15,6,3.51,clear sky
181,Dzhida,RU,50.6772,106.1806,-18.09,99,89,2.3,overcast clouds
182,Kieta,PG,-6.2167,155.6333,82.06,77,80,2.73,broken clouds
183,Pareora,NZ,-44.4871,171.2132,66.18,62,12,5.68,few clouds
184,Manono,CD,-7.3,27.4167,68.81,97,100,2.44,light rain
185,Khash,IR,28.2211,61.2158,45.68,67,79,7.25,broken clouds
186,Lata,PT,40.1629,-8.3327,53.82,92,63,4.59,broken clouds
187,Guerrero Negro,MX,27.9769,-114.0611,81.18,20,13,10.09,few clouds
188,Jhol,PK,25.9551,68.8882,60.87,60,0,6.93,clear sky
189,Bhadrak,IN,21.0633,86.5054,60.62,45,9,4.41,clear sky
190,Plettenberg Bay,ZA,-34.0527,23.3716,68.23,80,51,3.36,light rain
191,Virginia Beach,US,36.8529,-75.978,39.42,80,100,21.85,overcast clouds
192,Klaksvik,FO,62.2266,-6.589,32.92,70,100,28.99,light snow
193,Ukiah,US,39.1502,-123.2078,79.52,24,0,6.91,clear sky
194,Guarapari,BR,-20.6667,-40.4975,75.09,89,24,12.53,few clouds
195,Kigoma,TZ,-4.8769,29.6267,73.4,77,100,2.13,overcast clouds
196,Nadym,RU,65.5333,72.5167,-18.47,100,99,8.68,overcast clouds
197,Yellowknife,CA,62.456,-114.3525,-12.59,68,20,2.3,few clouds
198,Altea,ES,38.5989,-0.0514,57.15,85,47,5.99,scattered clouds
199,Laguna,US,38.421,-121.4238,80.44,35,0,3.44,clear sky
200,Bila Krynytsya,UA,50.6398,29.4704,30.56,69,51,9.51,broken clouds
201,Codrington,AU,-38.2667,141.9667,67.35,68,73,8.48,broken clouds
202,Poum,NC,-20.2333,164.0167,82.47,75,97,10.58,overcast clouds
203,Novaya Zaimka,RU,56.4857,66.9241,4.24,98,95,3.24,overcast clouds
204,Bengkulu,ID,-3.8004,102.2655,75.29,88,100,3.27,overcast clouds
205,Campagna,IT,40.6653,15.1059,49.62,84,40,1.68,scattered clouds
206,Yumen,CN,40.2833,97.2,24.13,49,88,13.13,overcast clouds
207,Port Augusta,AU,-32.5,137.7667,91.71,34,61,10.0,broken clouds
208,Lahaina,US,20.8783,-156.6825,80.6,78,10,10.87,clear sky
209,Urozhaynoye,RU,44.7883,44.9228,31.14,62,0,1.99,clear sky
210,Northam,GB,51.0333,-4.2167,46.26,87,100,19.44,overcast clouds
211,Comodoro Rivadavia,AR,-45.8667,-67.5,64.26,59,0,10.36,clear sky
212,Pathein,MM,16.7833,94.7333,61.41,82,62,3.91,broken clouds
213,Severnoye,RU,56.3491,78.3619,11.93,96,99,4.32,light snow
214,Chuy,UY,-33.6971,-53.4616,62.71,58,1,8.81,clear sky
215,Nantucket,US,41.2835,-70.0995,37.51,90,100,13.8,light rain
216,Sobolevo,RU,54.4299,31.8996,22.01,86,63,12.19,broken clouds
217,Dzaoudzi,YT,-12.7887,45.2699,76.89,94,20,2.3,few clouds
218,Jalingo,NG,8.8833,11.3667,78.66,14,12,4.68,few clouds
219,Sorland,NO,67.667,12.6934,33.53,55,100,22.21,light snow
220,Srandakan,ID,-7.9386,110.2506,61.74,93,100,5.82,moderate rain
221,Mulchen,CL,-37.7167,-72.2333,80.11,27,36,6.87,scattered clouds
222,Montbrison,FR,45.6667,4.0833,48.54,73,72,16.82,broken clouds
223,Tilichiki,RU,60.4667,166.1,-16.26,93,7,9.91,clear sky
224,Hami,CN,42.8,93.45,24.87,47,31,4.43,scattered clouds
225,Sinnamary,GF,5.3833,-52.95,76.59,89,67,9.78,broken clouds
226,Vila Do Maio,CV,15.1333,-23.2167,72.39,76,66,17.34,broken clouds
227,Domanivka,UA,47.6319,30.9885,29.89,63,2,5.53,clear sky
228,Broken Hill,AU,-31.95,141.4333,85.71,26,92,9.22,overcast clouds
229,Ndele,CF,8.4109,20.6473,72.9,16,100,4.23,overcast clouds
230,Fairbanks,US,64.8378,-147.7164,15.22,80,100,6.91,light snow
231,Mweka,CD,-4.85,21.5667,68.68,94,100,2.51,overcast clouds
232,Kasungu,MW,-13.0333,33.4833,63.77,99,100,1.97,light rain
233,Ibra,OM,22.6906,58.5334,63.61,58,0,3.47,clear sky
234,Terrace,CA,54.5163,-128.6035,39.11,87,100,11.5,light rain
235,Rocha,UY,-34.4833,-54.3333,59.72,65,4,6.91,clear sky
236,Lipari,IT,38.4674,14.954,57.2,72,99,5.61,overcast clouds
237,Lardos,GR,36.0942,28.0157,57.02,77,2,15.3,clear sky
238,Okmulgee,US,35.6234,-95.9605,52.52,22,0,8.05,clear sky
239,Roald,NO,62.5833,6.1333,38.91,93,100,18.41,light rain
240,Shenjiamen,CN,29.9576,122.298,43.29,76,51,15.88,broken clouds
241,Vardo,NO,70.3705,31.1107,21.4,92,100,22.62,light snow
242,Luga,RU,58.7372,29.8453,30.97,85,100,12.64,snow
243,Paamiut,GL,61.994,-49.6678,11.19,92,100,18.75,light snow
244,Pemangkat,ID,1.1667,108.9667,77.29,89,86,3.6,overcast clouds
245,Opuwo,NA,-18.0607,13.84,68.41,87,100,4.59,light rain
246,Nishihara,JP,26.1842,127.7558,64.06,94,75,20.71,light rain
247,Najran,SA,17.4924,44.1277,50.65,45,12,3.09,few clouds
248,Camopi,GF,3.1655,-52.3158,72.73,99,97,3.36,overcast clouds
249,Camacha,PT,33.0833,-16.3333,58.42,67,20,9.22,few clouds
250,Vostok,RU,46.4856,135.8833,4.44,95,100,1.86,overcast clouds
251,Chapais,CA,49.7834,-74.8492,-13.22,96,100,1.32,overcast clouds
252,Xinye,CN,32.5186,112.3522,36.59,89,62,6.13,broken clouds
253,Nouadhibou,MR,20.931,-17.0347,66.18,77,99,18.41,overcast clouds
254,Pangody,RU,65.85,74.4859,-13.76,98,93,9.33,overcast clouds
255,Natal,BR,-5.795,-35.2094,83.05,78,40,10.36,scattered clouds
256,Port Blair,IN,11.6667,92.75,73.44,73,20,2.3,mist
257,Achacachi,BO,-16.05,-68.6833,45.59,85,99,8.14,overcast clouds
258,Fort Nelson,CA,58.8053,-122.7002,8.19,66,40,3.44,scattered clouds
259,Port-Gentil,GA,-0.7193,8.7815,76.96,94,40,3.44,scattered clouds
260,Aitape,PG,-3.1374,142.3475,80.06,83,100,3.13,overcast clouds
261,Kuldiga,LV,56.974,21.9572,37.09,80,93,11.95,overcast clouds
262,Salalah,OM,17.0151,54.0924,75.29,20,0,19.57,clear sky
263,Nacogdoches,US,31.6002,-94.6335,58.19,33,0,8.05,clear sky
264,Javanrud,IR,34.7961,46.5172,28.04,53,1,5.14,clear sky
265,Kununurra,AU,-15.7667,128.7333,73.38,100,75,4.61,thunderstorm
266,Porto Murtinho,BR,-21.6989,-57.8825,87.51,36,62,4.54,broken clouds
267,Trelew,AR,-43.249,-65.3051,86.04,17,0,24.63,clear sky
268,Gladstone,AU,-23.85,151.25,82.78,61,40,14.97,scattered clouds
269,Maniitsoq,GL,65.4167,-52.9,1.67,85,100,9.13,light snow
270,Rosetta,EG,31.4044,30.4164,55.22,71,0,10.2,clear sky
271,Pochutla,MX,15.7432,-96.4661,87.82,52,57,6.22,broken clouds
272,Severo-Kurilsk,RU,50.6789,156.125,25.16,67,24,13.42,few clouds
273,Vuktyl,RU,63.8567,57.3094,4.26,98,100,3.74,overcast clouds
274,Necochea,AR,-38.5473,-58.7368,67.03,53,0,6.53,clear sky
275,Winsum,NL,53.33,6.5208,50.97,65,100,24.23,overcast clouds
276,Poso,ID,-1.3959,120.7524,80.26,73,99,1.81,overcast clouds
277,Hofn,IS,64.2539,-15.2082,21.99,64,17,9.08,few clouds
278,Viru,PE,-8.4167,-78.75,70.9,69,42,4.74,scattered clouds
279,Pevek,RU,69.7008,170.3133,-17.05,97,100,8.99,overcast clouds
280,Kaeo,NZ,-35.1,173.7833,73.33,64,63,4.03,broken clouds
281,Jacqueville,CI,5.2052,-4.4146,78.71,83,92,6.49,overcast clouds
282,Lieksa,FI,63.3167,30.0167,32.77,98,100,14.23,light snow
283,Cabo San Lucas,MX,22.8909,-109.9124,83.61,41,20,11.5,few clouds
284,Cidreira,BR,-30.1811,-50.2056,69.04,92,92,2.91,overcast clouds
285,Hof,DE,50.3167,11.9167,36.63,68,15,6.91,few clouds
286,Sao Miguel Do Araguaia,BR,-13.275,-50.1628,70.36,96,65,4.56,broken clouds
287,Saskylakh,RU,71.9167,114.0833,-17.9,89,46,3.0,scattered clouds
288,Deputatskiy,RU,69.3,139.9,-11.88,94,87,5.21,overcast clouds
289,Grand Baie,MU,-20.0182,57.5802,81.45,77,91,11.01,overcast clouds
290,Khora,GR,37.05,21.7167,49.12,85,13,2.98,few clouds
291,Dire,ML,12.2833,-10.9667,75.04,14,11,3.29,few clouds
292,Kang,BW,-23.6752,22.7876,72.16,39,17,6.02,few clouds
293,Portland,US,45.5234,-122.6762,65.5,48,75,10.36,broken clouds
294,Ahuimanu,US,21.4447,-157.8378,80.78,57,75,11.5,broken clouds
295,Tuatapere,NZ,-46.1333,167.6833,62.82,50,55,2.46,broken clouds
296,Luena,AO,-11.7833,19.9167,62.13,90,99,1.1,overcast clouds
297,Olpad,IN,21.3333,72.75,64.38,49,2,3.02,clear sky
298,Huarmey,PE,-10.0681,-78.1522,73.35,77,38,9.53,scattered clouds
299,Lorengau,PG,-2.0226,147.2712,82.67,76,99,2.95,overcast clouds
300,Pitkyaranta,RU,61.5734,31.4792,31.78,98,100,16.15,light snow
301,Almaznyy,RU,48.0448,40.045,21.34,85,5,3.74,clear sky
302,Half Moon Bay,US,37.4636,-122.4286,81.88,49,0,5.75,clear sky
303,Zhangye,CN,38.9342,100.4517,26.6,63,100,8.79,overcast clouds
304,Mulege,MX,26.8833,-111.9833,73.58,30,76,9.4,broken clouds
305,Qaqortoq,GL,60.7167,-46.0333,21.7,95,100,12.1,light snow
306,Springdale,US,36.1867,-94.1288,44.71,37,0,11.5,clear sky
307,Moranbah,AU,-22.0016,148.0466,80.74,51,16,22.01,few clouds
308,Zonguldak,TR,41.25,31.8333,36.18,94,100,1.7,overcast clouds
309,Lavrentiya,RU,65.5833,-171.0,-17.1,91,27,3.29,scattered clouds
310,Rutland,US,43.6167,-73.0162,24.24,73,0,10.36,clear sky
311,Ozernovskiy,RU,51.5,156.5167,21.56,58,36,9.01,scattered clouds
312,Dicabisagan,PH,17.0818,122.4157,77.38,85,79,5.46,broken clouds
313,Puerto Escondido,MX,15.85,-97.0667,85.03,70,75,0.0,broken clouds
314,Nacala,MZ,-14.5428,40.6728,75.43,94,14,2.82,few clouds
315,Chokurdakh,RU,70.6333,147.9167,-9.36,94,99,8.55,overcast clouds
316,Kathmandu,NP,27.7167,85.3167,44.82,100,20,0.0,mist
317,Mchinji,MW,-13.7984,32.8802,63.63,98,100,1.52,moderate rain
318,Lyuban,BY,52.7985,28.0048,26.46,81,16,9.42,few clouds
319,Burgersdorp,ZA,-30.9977,26.3286,66.09,77,61,8.93,broken clouds
320,Ryotsu,JP,38.0833,138.4333,37.36,58,54,8.08,broken clouds
321,Sakakah,SA,29.9697,40.2064,47.77,31,0,3.74,clear sky
322,Asosa,ET,10.0667,34.5333,67.93,23,57,5.84,broken clouds
323,Saint-Augustin,CA,51.226,-58.6502,-17.37,92,7,7.2,clear sky
324,Contamana,PE,-7.3333,-75.0167,73.08,98,100,3.85,overcast clouds
325,Bentiu,SS,9.2333,29.8333,76.14,15,5,5.84,clear sky
326,Blois,FR,47.5833,1.3333,54.37,88,98,20.85,overcast clouds
327,Bela,IN,25.9333,81.9833,50.47,66,0,1.81,clear sky
328,Prestea,GH,5.4327,-2.1428,75.34,92,55,3.91,broken clouds
329,Avera,US,33.194,-82.5271,54.28,32,5,16.69,clear sky
330,Kiruna,SE,67.8557,20.2251,2.32,85,54,11.5,broken clouds
331,Saryozek,KZ,44.3583,77.9753,21.33,77,100,3.31,overcast clouds
332,Christchurch,NZ,-43.5333,172.6333,60.33,78,100,13.8,overcast clouds
333,Bhadrachalam,IN,17.6667,80.8833,63.18,90,8,2.28,clear sky
334,Savannah Bight,HN,16.45,-85.85,80.65,74,8,15.35,clear sky
335,Hegang,CN,47.4,130.3667,-2.83,90,16,2.73,few clouds
336,Ballina,AU,-28.8667,153.5667,71.78,86,100,9.22,overcast clouds
337,Dargaville,NZ,-35.9333,173.8833,70.7,54,74,9.93,broken clouds
338,Suruc,TR,36.9761,38.425,43.0,55,65,3.24,broken clouds
339,Kavaratti,IN,10.5669,72.642,80.13,72,29,5.1,scattered clouds
340,Cururupu,BR,-1.8283,-44.8683,74.39,95,66,3.0,broken clouds
341,Samarai,PG,-10.6167,150.6667,82.62,69,31,6.08,scattered clouds
342,Diego De Almagro,CL,-26.3667,-70.05,69.62,29,39,5.75,scattered clouds
343,Seraing,BE,50.5833,5.5,50.79,61,0,18.41,clear sky
344,Los Llanos De Aridane,ES,28.6585,-17.9182,60.55,72,40,8.05,scattered clouds
345,Adre,TD,13.4667,22.2,68.38,12,100,15.99,overcast clouds
346,Balsa,RO,46.0333,23.1167,28.69,78,79,0.6,broken clouds
347,Chilliwack,CA,49.1747,-121.9443,57.11,44,62,3.44,broken clouds
348,Ramsgate,GB,51.3358,1.4155,50.68,86,100,10.0,light rain
349,Tromso,NO,69.6496,18.957,23.38,80,100,14.97,overcast clouds
350,Tommot,RU,58.9564,126.2925,-22.38,100,100,1.12,overcast clouds
351,Podyuga,RU,61.095,40.8647,26.31,95,100,9.46,light snow
352,Nevyansk,RU,57.4953,60.2112,14.7,96,100,4.25,light snow
353,Eureka,US,40.8021,-124.1637,72.68,74,92,3.36,overcast clouds
354,Gunjur,GM,13.2019,-16.7339,69.87,73,61,6.91,broken clouds
355,Hervey Bay,AU,-25.2986,152.8535,80.04,75,15,19.89,few clouds
356,Yagodnoye,RU,62.55,149.6667,-27.31,97,19,3.6,few clouds
357,Padang,ID,-0.9492,100.3543,76.42,78,95,4.0,overcast clouds
358,Bandarbeyla,SO,9.4942,50.8122,73.72,69,23,12.84,few clouds
359,Arica,CL,-18.475,-70.3042,72.95,73,0,6.91,clear sky
360,Umtata,ZA,-31.5889,28.7844,64.8,98,79,3.78,broken clouds
361,Key Biscayne,US,25.6937,-80.1628,74.01,79,75,5.75,broken clouds
362,Goderich,CA,43.7501,-81.7165,14.92,85,100,5.75,overcast clouds
363,Changping,CN,40.2186,116.2197,16.65,68,2,7.94,clear sky
364,Ezhou,CN,30.4,114.8333,44.71,72,40,1.28,scattered clouds
365,Udachnyy,RU,66.4167,112.4,-22.56,90,72,1.52,broken clouds
366,Rawson,AR,-43.3002,-65.1023,78.42,28,0,23.29,clear sky
367,Talaya,RU,61.3833,152.75,-29.96,98,92,1.36,overcast clouds
368,Abu Zabad,SD,12.35,29.25,65.93,19,14,14.47,few clouds
369,Zhuhai,CN,22.2769,113.5678,59.97,82,40,21.85,scattered clouds
370,Camalu,MX,30.85,-116.0667,73.87,27,3,7.78,clear sky
371,Portel,BR,-1.9356,-50.8211,74.03,92,84,2.39,broken clouds
372,Sayyan,YE,15.1718,44.3244,50.2,64,14,1.21,few clouds
373,Potamia,GR,40.7163,24.7286,43.65,62,63,7.63,broken clouds
374,Clyde River,CA,70.4692,-68.5914,-18.17,76,100,24.16,light snow
375,Sidi Ali,DZ,36.0998,0.4206,48.61,82,1,5.26,clear sky
376,Kahului,US,20.8947,-156.47,80.62,66,20,17.27,few clouds
377,Korla,CN,41.7597,86.1469,27.03,50,1,3.11,clear sky
378,Caserta,IT,41.0832,14.3349,54.05,77,56,0.65,broken clouds
379,Riyadh,SA,24.6877,46.7219,50.14,33,0,8.81,clear sky
380,Iquitos,PE,-3.7481,-73.2472,78.84,94,75,2.3,moderate rain
381,Alihe,CN,50.5667,123.7167,0.48,94,100,2.66,overcast clouds
382,Longyearbyen,SJ,78.2186,15.6401,15.64,92,100,6.91,light snow
383,San Jeronimo,PE,-11.9472,-75.2829,50.76,87,100,2.01,overcast clouds
384,Dentsville,US,34.064,-80.9582,57.13,60,20,6.91,few clouds
385,Tagusao,PH,9.1924,117.8141,79.84,81,100,6.89,overcast clouds
386,Kruisfontein,ZA,-34.0033,24.7314,67.19,86,43,5.88,light rain
387,Clinton,US,42.587,-82.9199,19.29,74,100,10.36,overcast clouds
388,Los Algarrobos,PA,8.5,-82.4333,84.61,66,20,6.91,few clouds
389,Bissora,GW,12.2231,-15.4475,69.24,49,9,3.18,clear sky
390,Novikovo,RU,51.1537,37.8879,13.14,92,24,5.79,few clouds
391,Zyryanka,RU,65.75,150.85,-27.47,94,25,6.89,scattered clouds
392,Mahebourg,MU,-20.4081,57.7,81.25,94,40,8.05,scattered clouds
393,Santa Fe,AR,-31.6333,-60.7,77.0,41,1,4.0,clear sky
394,Aripuana,BR,-9.1667,-60.6333,73.4,99,99,0.2,overcast clouds
395,North Bend,US,43.4065,-124.2243,56.91,89,20,9.22,few clouds
396,Brae,GB,60.3964,-1.353,40.91,84,90,21.25,overcast clouds
397,Svetlyy,RU,54.675,20.1347,35.65,75,100,17.22,overcast clouds
398,San Quintin,MX,30.4833,-115.95,72.68,29,4,11.68,clear sky
399,Eenhana,NA,-17.4667,16.3333,73.15,89,100,3.0,light rain
400,Samana,DO,19.2056,-69.3369,78.76,85,0,7.9,clear sky
401,Sur,OM,22.5667,59.5289,71.02,69,0,14.36,clear sky
402,Along,IN,28.1667,94.7667,42.39,62,0,2.1,clear sky
403,Kushiro,JP,42.975,144.3747,20.35,86,40,8.05,scattered clouds
404,Gao,ML,16.6362,1.637,69.73,12,1,9.04,clear sky
405,Harper,LR,4.375,-7.7169,77.79,85,48,5.03,scattered clouds
406,Beringovskiy,RU,63.05,179.3167,-21.23,94,15,8.61,few clouds
407,Tynda,RU,55.1667,124.7167,-16.28,92,89,2.51,overcast clouds
408,Petropavlovsk-Kamchatskiy,RU,53.0452,158.6483,21.79,46,75,13.42,light snow
409,Manggar,ID,-2.8833,108.2667,78.57,83,91,0.63,overcast clouds
410,Tocopilla,CL,-22.092,-70.1979,70.68,70,80,6.58,broken clouds
411,Brokopondo,SR,4.75,-55.1667,75.43,91,27,7.87,scattered clouds
412,Cayenne,GF,4.9333,-52.3333,79.09,85,75,1.01,broken clouds
413,Zimovniki,RU,47.1483,42.4633,30.63,75,0,4.63,clear sky
414,Katangli,RU,51.7102,143.2326,-1.48,84,11,8.25,few clouds
415,Santa Cruz,BO,-17.8,-63.1667,80.65,57,89,5.75,overcast clouds
416,Monte Azul,BR,-15.155,-42.8747,69.76,90,46,2.66,scattered clouds
417,Juarez,MX,31.7333,-106.4833,62.24,21,0,5.75,clear sky
418,Ban Phai,TH,16.06,102.731,75.88,80,97,10.67,overcast clouds
419,Prince Rupert,CA,54.3161,-130.3201,48.29,76,100,9.22,light rain
420,Bilecik,TR,40.0,30.1667,35.22,93,100,3.76,overcast clouds
421,Rotterdam,NL,51.9225,4.4792,53.91,69,75,21.85,broken clouds
422,Bismil,TR,37.8486,40.6658,37.13,61,89,2.13,overcast clouds
423,Totness,SR,5.8833,-56.3167,76.39,88,80,11.18,broken clouds
424,Hornepayne,CA,49.2138,-84.7705,-9.81,93,94,3.09,overcast clouds
425,Kargasok,RU,59.0556,80.8572,5.45,94,100,13.2,light snow
426,Newport,GB,51.5877,-2.9984,47.86,89,100,16.78,overcast clouds
427,Novopokrovka,UA,49.8425,36.5477,21.58,94,8,4.36,clear sky
428,Kualakapuas,ID,-3.0091,114.3876,77.16,85,100,2.19,overcast clouds
429,Mikuni,JP,36.2171,136.1519,39.11,64,99,22.68,overcast clouds
430,Berck,FR,50.4,1.6,54.52,76,100,13.8,overcast clouds
431,Slobodskoy,RU,58.7322,50.1772,2.73,100,97,2.89,snow
432,Morgan City,US,29.6994,-91.2068,56.03,24,0,5.75,clear sky
433,Pokrovsk,UA,48.282,37.1758,25.83,86,4,1.79,clear sky
434,Sulayman,IQ,31.4002,46.2851,54.68,34,0,9.53,clear sky
435,Eibar,ES,43.1849,-2.4716,53.2,88,100,9.19,light rain
436,Komsomolskiy,UZ,40.4272,71.7189,35.02,83,100,2.66,overcast clouds
437,Panzhihua,CN,26.5851,101.7128,42.44,66,0,1.43,clear sky
438,Gubkinskiy,RU,64.434,76.5026,-11.34,99,37,9.73,scattered clouds
439,Honiara,SB,-9.4333,159.95,84.92,72,88,5.3,light rain
440,San Ramon,US,37.7799,-121.978,80.38,42,0,9.22,clear sky
441,Balaipungut,ID,1.05,101.2833,73.81,96,98,0.29,overcast clouds
442,Kattivakkam,IN,13.2167,80.3167,79.07,78,6,6.24,clear sky
443,Lompoc,US,34.6391,-120.4579,85.78,51,0,13.8,clear sky
444,Redcliffe,AU,-27.2307,153.0973,78.33,69,40,10.36,scattered clouds
445,Cradock,ZA,-32.1642,25.6192,64.78,86,90,9.01,overcast clouds
446,Kyabe,TD,9.4515,18.9449,78.93,16,100,5.82,overcast clouds
447,Ardon,RU,43.17,44.29,31.19,79,24,2.53,few clouds
448,Balkhash,KZ,46.844,74.9804,14.45,97,100,4.99,overcast clouds
449,Kangaba,ML,11.9333,-8.4167,73.58,14,4,5.39,clear sky
450,Ketchikan,US,55.3422,-131.6461,48.18,87,100,5.75,overcast clouds
451,Carutapera,BR,-1.195,-46.02,76.51,93,100,6.29,light rain
452,Saint-Pierre,RE,-21.3393,55.4781,78.48,78,0,14.97,clear sky
453,Lansdale,US,40.2415,-75.2838,31.53,78,100,6.91,overcast clouds
454,Barra Patuca,HN,15.8,-84.2833,76.62,80,12,6.82,few clouds
455,Mpika,ZM,-11.8343,31.4529,61.79,99,100,1.48,light rain
456,Ancud,CL,-41.8697,-73.8203,71.22,79,12,2.86,few clouds
457,Vila Velha,BR,-20.3297,-40.2925,75.15,97,100,6.91,overcast clouds
458,Barcelos,PT,41.5388,-8.6151,53.74,87,26,7.09,light rain
459,La Rioja,ES,42.25,-2.5,43.32,75,100,6.6,overcast clouds
460,Pacific Grove,US,36.6177,-121.9166,85.57,69,0,7.0,clear sky
461,Lamar,US,33.6668,-95.5836,60.53,23,0,9.22,clear sky
462,Inta,RU,66.0317,60.1659,0.79,90,97,4.79,overcast clouds
463,Carballo,ES,43.213,-8.691,49.87,90,49,7.76,scattered clouds
464,Killin,US,33.6123,-91.7412,53.69,27,0,9.22,clear sky
465,Nokaneng,BW,-19.6667,22.2667,68.88,78,13,4.25,few clouds
466,Nome,US,64.5011,-165.4064,-5.73,59,0,0.0,clear sky
467,Nieves,PH,15.3274,120.9485,79.16,73,70,3.24,broken clouds
468,Uyemskiy,RU,64.4743,40.8524,14.05,85,100,8.95,snow
469,Myre,NO,69.1036,15.9492,30.15,62,60,16.82,light snow
470,Zaykovo,RU,57.5613,62.7568,3.4,100,97,4.27,overcast clouds
471,Thaton,MM,16.9206,97.3714,65.68,45,75,3.65,broken clouds
472,Dondo,MZ,-19.6094,34.7431,78.31,92,21,1.41,few clouds
473,Coolidge,US,32.9778,-111.5176,81.7,8,0,9.22,clear sky
474,College,US,64.8569,-147.8028,15.21,80,100,6.91,light snow
475,Bani,DO,18.2833,-70.3333,80.04,74,1,8.7,clear sky
476,Miri,MY,4.4148,114.0089,77.14,100,40,3.44,light rain
477,Celestun,MX,20.8667,-90.4,71.17,75,82,22.28,broken clouds
478,Nuuk,GL,64.1835,-51.7216,7.41,85,100,4.61,overcast clouds
479,Beni,CD,0.5,29.4667,66.69,57,37,2.06,scattered clouds
480,Wanning,CN,18.8003,110.3967,68.38,90,100,11.03,overcast clouds
481,Jacareacanga,BR,-6.2222,-57.7528,73.15,98,86,2.06,light rain
482,Bulgan,MN,48.8125,103.5347,-17.16,98,92,2.24,overcast clouds
483,Marawi,PH,7.9986,124.2928,64.65,79,100,1.14,overcast clouds
484,Miranda,CO,3.2499,-76.2281,75.33,99,96,2.77,overcast clouds
485,Lufilufi,WS,-13.8745,-171.5986,89.38,77,58,7.85,broken clouds
486,Hualmay,PE,-11.0964,-77.6139,72.3,78,19,10.02,few clouds
487,Verkhnevilyuysk,RU,63.4453,120.3167,-23.51,100,100,1.92,overcast clouds
488,Bichena,ET,10.45,38.2,57.11,44,44,0.81,scattered clouds
489,Akureyri,IS,65.6835,-18.0878,4.93,72,0,6.91,clear sky
490,Jetis,ID,-7.2144,111.5179,73.81,97,100,3.15,overcast clouds
491,Mount Isa,AU,-20.7333,139.5,82.17,65,49,8.05,scattered clouds
492,Yerofey Pavlovich,RU,53.9667,121.9667,-5.96,95,99,2.3,overcast clouds
493,Kimbe,PG,-5.5502,150.1429,84.33,71,99,1.16,light rain
494,Zhanaozen,KZ,43.3,52.8,26.62,87,28,7.94,scattered clouds
495,Chardara,KZ,41.2547,67.9692,43.43,74,100,10.33,overcast clouds
496,Sabha,LY,27.0377,14.4283,52.74,29,0,11.14,clear sky
497,Maceio,BR,-9.6658,-35.7353,78.24,83,40,8.05,scattered clouds
498,Aizawl,IN,23.7333,92.7167,40.05,64,0,2.91,clear sky
499,Buraydah,SA,26.326,43.975,46.85,31,0,5.68,clear sky
500,Palm City,US,27.1678,-80.2662,72.09,69,40,5.75,scattered clouds
501,Turbat,PK,26.0023,63.044,65.59,38,6,7.07,clear sky
502,Villa Carlos Paz,AR,-31.4241,-64.4978,69.06,33,1,7.0,clear sky
503,Mehamn,NO,71.0357,27.8492,20.1,93,100,6.91,light snow
504,Kaabong,UG,3.4836,34.1492,69.8,39,34,4.18,scattered clouds
505,Mayumba,GA,-3.432,10.6554,77.5,89,97,3.33,overcast clouds
506,Wukari,NG,7.85,9.7833,77.09,14,23,5.06,few clouds
507,Kirkcudbright,GB,54.8383,-4.0491,41.94,92,99,15.37,overcast clouds
508,Alamos,MX,27.0167,-108.9333,84.4,8,100,5.55,overcast clouds
509,Kenai,US,60.5544,-151.2583,35.02,95,100,6.91,fog
510,Radevormwald,DE,51.2,7.35,46.8,73,100,13.89,overcast clouds
511,Thatta,PK,24.7475,67.9235,62.76,70,0,6.87,clear sky
512,Antalaha,MG,-14.9003,50.2788,73.0,92,33,4.85,scattered clouds
513,Yaan,NG,7.3833,8.5667,82.45,12,100,2.08,overcast clouds
514,Praya,CV,14.9215,-23.5087,72.14,78,0,14.97,clear sky
515,Biak,ID,-0.9131,122.8766,76.51,82,99,3.27,overcast clouds
516,Cheremisinovo,RU,51.8855,37.2646,21.31,87,48,9.13,scattered clouds
517,Dumas,US,35.8656,-101.9732,60.22,19,0,17.27,clear sky
518,Bilibino,RU,68.0546,166.4372,-26.28,98,84,1.68,broken clouds
519,Erenhot,CN,43.6475,111.9767,-8.59,95,12,1.23,few clouds
520,Inirida,CO,3.8653,-67.9239,81.12,68,91,2.08,overcast clouds
521,Krasnopillya,UA,50.7746,35.2597,19.74,85,13,7.43,few clouds
522,Eganville,CA,45.5334,-77.0994,2.52,92,70,1.7,broken clouds
523,Galesong,ID,-5.3166,119.3661,75.22,78,78,4.03,broken clouds
524,Charters Towers,AU,-20.1,146.2667,79.84,55,6,16.26,clear sky
525,Timra,SE,62.487,17.3257,31.68,93,43,3.44,fog
526,Pedernales,DO,18.0384,-71.744,77.63,70,9,6.49,clear sky
527,Kano,NG,12.0001,8.5167,66.09,22,3,0.0,clear sky
528,Syracuse,IT,37.0881,15.2792,53.89,81,44,1.97,scattered clouds
529,Mielec,PL,50.2871,21.4239,38.23,82,12,5.97,few clouds
530,Ridgecrest,US,35.6225,-117.6709,76.01,9,0,3.44,clear sky
531,Alcantara,BR,-2.4089,-44.4147,82.6,86,95,7.99,light rain
532,Betioky,MG,-23.7167,44.3833,77.43,59,32,9.53,scattered clouds
533,Atar,MR,20.5169,-13.0499,66.88,20,99,7.99,overcast clouds
534,Alberdi,AR,-32.8899,-60.6906,77.04,42,0,8.05,clear sky
535,Thinadhoo,MV,0.5333,72.9333,81.48,76,76,9.15,broken clouds
536,Caxito,AO,-8.5785,13.6643,77.65,86,100,1.07,overcast clouds
537,Itarema,BR,-2.9248,-39.9167,79.59,79,14,13.65,few clouds
538,Darnah,LY,32.767,22.6367,55.11,73,0,9.1,clear sky
539,Kuragino,RU,53.8975,92.6725,-20.2,100,82,2.28,broken clouds
540,Burgkirchen,AT,48.2044,13.0999,35.91,81,0,2.48,clear sky
541,Jinan,CN,36.6683,116.9972,30.31,73,99,9.75,overcast clouds
542,Souillac,MU,-20.5167,57.5167,81.36,94,40,8.05,scattered clouds
543,Koygorodok,RU,60.445,50.9968,-0.08,100,100,2.71,overcast clouds
544,Berdigestyakh,RU,62.0989,126.6992,-31.72,100,100,1.03,overcast clouds
545,Namibe,AO,-15.1961,12.1522,74.75,82,100,2.8,overcast clouds
546,Harnai,PK,30.1005,67.9374,55.38,33,72,2.62,broken clouds
547,Porbandar,IN,21.6422,69.6093,65.86,70,0,8.08,clear sky
548,Lang Son,VN,21.8333,106.7333,50.32,91,94,4.34,overcast clouds
549,Corinth,GR,37.9407,22.9573,49.68,77,21,2.91,few clouds
550,Limbang,MY,4.75,115.0,78.91,89,90,1.97,overcast clouds
551,Muros,ES,42.7762,-9.0603,52.84,87,31,18.12,scattered clouds
552,Hurghada,EG,27.2574,33.8129,60.84,41,0,14.97,clear sky
553,Labuhan,ID,-6.8844,112.2051,75.52,93,100,6.98,light rain
554,Hokitika,NZ,-42.7167,170.9667,62.28,48,4,6.62,clear sky
555,Saldanha,ZA,-33.0117,17.9442,66.25,90,0,15.5,clear sky
556,Auki,SB,-8.7676,160.7034,77.36,90,100,3.58,overcast clouds
557,Puerto Ayacucho,VE,5.6639,-67.6236,91.18,48,27,0.58,scattered clouds
558,Moron,AR,-34.6534,-58.6198,76.98,39,0,4.45,clear sky
559,Huambo,AO,-12.7761,15.7392,59.14,79,77,1.57,broken clouds
560,Moanda,GA,-1.5575,13.2178,71.56,94,97,1.99,overcast clouds
561,Garissa,KE,-0.4536,39.6401,76.12,69,27,7.92,scattered clouds
562,Milton,US,34.1322,-84.3007,45.52,35,0,3.0,clear sky
563,Bhum,IN,18.4667,75.6667,66.7,35,25,5.1,scattered clouds
564,Media Luna,CU,20.1419,-77.435,77.18,80,23,8.03,few clouds
565,Puro,PH,12.4841,123.3827,78.73,81,87,10.58,overcast clouds
566,Klaeng,TH,12.7797,101.6483,83.95,100,31,1.86,scattered clouds
567,Bannu,PK,32.9854,70.6027,58.01,37,100,1.48,overcast clouds
568,Victor Harbor,AU,-35.5667,138.6167,80.73,81,55,1.01,broken clouds
569,Kozhva,RU,65.1073,57.0459,3.97,98,94,5.55,overcast clouds
570,Campbell River,CA,50.0163,-125.2446,44.6,81,75,3.44,broken clouds
571,Kangaatsiaq,GL,68.3065,-53.4641,-8.43,95,79,22.15,broken clouds
572,Sola,VU,-13.8833,167.55,83.07,79,75,0.0,broken clouds
573,Antofagasta,CL,-23.65,-70.4,69.08,80,87,6.29,overcast clouds
574,Praia,CV,14.9215,-23.5087,72.14,78,0,14.97,clear sky
575,Vizinga,RU,61.0749,50.1031,4.24,100,97,3.15,overcast clouds
576,Ostersund,SE,63.1792,14.6357,30.65,86,100,13.8,overcast clouds
577,Veraval,IN,20.9,70.3667,65.43,61,2,11.41,clear sky
578,Hammerfest,NO,70.6634,23.6821,18.05,79,75,1.14,light snow
579,Port Hedland,AU,-20.3167,118.5667,84.25,65,10,12.66,clear sky
580,Strezhevoy,RU,60.7333,77.5889,-5.03,95,98,9.48,overcast clouds
581,Cockburn Town,TC,21.4612,-71.1419,78.76,69,20,13.8,few clouds
582,Namatanai,PG,-3.6667,152.4333,83.77,69,99,5.44,overcast clouds
583,Seymchan,RU,62.8833,152.4333,-35.28,98,72,1.16,broken clouds
584,Kazerun,IR,29.6195,51.6541,50.81,45,0,7.31,clear sky
585,Dom Pedro,BR,-4.4833,-44.45,73.02,98,98,3.27,light rain
586,Ramhormoz,IR,31.28,49.6035,58.62,44,0,4.27,clear sky
587,Lazaro Cardenas,MX,17.9583,-102.2,81.95,59,75,6.2,broken clouds
588,Oranjemund,NA,-28.55,16.4333,64.69,89,0,9.46,clear sky
589,Lucapa,AO,-8.4192,20.7447,65.07,99,100,3.89,light rain
590,Taltal,CL,-25.4,-70.4833,68.4,76,20,4.59,few clouds
591,Sol-Iletsk,RU,51.1631,54.9918,15.62,95,98,9.44,overcast clouds
592,Mayo,US,38.8876,-76.5119,34.21,65,100,10.36,overcast clouds
593,Bollnas,SE,61.3482,16.3946,39.38,86,100,11.21,overcast clouds
594,Ndjole,GA,-0.1783,10.7649,74.52,96,99,2.01,overcast clouds
595,Wasilla,US,61.5814,-149.4394,33.78,89,100,1.01,light snow
596,South Venice,US,27.0531,-82.4243,66.24,86,20,19.57,few clouds
597,Ortakoy,TR,38.7373,34.0387,23.25,92,100,2.06,overcast clouds
598,Te Anau,NZ,-45.4167,167.7167,64.62,49,59,1.05,broken clouds
599,Omboue,GA,-1.5746,9.2618,77.86,86,98,5.01,overcast clouds
600,Bomet,KE,-0.7813,35.3416,56.82,80,100,3.18,overcast clouds
601,Peniche,PT,39.3558,-9.3811,55.62,90,5,15.39,clear sky
602,Bianzhuang,CN,34.8486,118.0447,42.03,66,100,6.31,overcast clouds
603,Grand Gaube,MU,-20.0064,57.6608,81.37,77,94,11.01,overcast clouds
604,Buenos Aires,AR,-34.6132,-58.3772,76.96,37,0,5.75,clear sky
605,Muli,MV,2.9167,73.5667,81.63,76,100,8.72,overcast clouds
606,Vagamo,NO,61.8751,9.0967,23.76,95,99,2.89,overcast clouds
607,Bilma,NE,18.6853,12.9164,65.53,13,0,6.98,clear sky
608,Vasai,IN,19.47,72.8,73.49,62,2,4.43,clear sky
609,Puerto Leguizamo,CO,-0.1934,-74.7819,77.16,84,100,4.16,moderate rain
610,Abha,SA,18.2164,42.5053,49.82,43,0,0.0,clear sky
611,Akom,CM,2.6678,12.7109,68.72,86,80,4.18,broken clouds
612,Naze,JP,28.3667,129.4833,58.12,85,100,17.92,light rain
613,Tipuani,BO,-15.5648,-68.0185,69.37,97,98,1.1,overcast clouds
614,Dudinka,RU,69.4058,86.1778,-15.7,90,12,6.8,few clouds
615,Meulaboh,ID,4.1363,96.1285,76.32,87,96,4.25,overcast clouds
616,Latehar,IN,23.75,84.5,49.37,40,2,2.1,clear sky
617,Finote Selam,ET,10.7,37.2667,62.94,38,86,2.19,overcast clouds
618,Chase,CA,50.8165,-119.6857,42.08,93,80,3.11,broken clouds
619,Anuradhapura,LK,8.3565,80.4173,69.46,95,80,4.76,broken clouds
620,Katima Mulilo,NA,-17.5,24.2667,66.06,82,3,4.07,clear sky
621,San Francisco,US,37.7749,-122.4194,81.25,52,7,5.01,clear sky
622,San Sebastian,ES,43.3128,-1.975,61.45,71,0,16.11,light rain
623,Tarare,FR,45.8976,4.4327,48.45,77,71,13.67,broken clouds
624,Evensk,RU,61.95,159.2333,1.58,72,24,9.22,few clouds
625,Jizan,SA,17.3333,42.6667,77.94,78,37,5.57,scattered clouds
626,Nexo,DK,55.0607,15.1306,39.29,84,100,24.02,overcast clouds
627,Cesme,TR,38.3228,26.3064,44.31,71,79,15.03,broken clouds
628,Springbok,ZA,-29.6643,17.8865,74.75,44,7,1.79,clear sky
629,Madimba,TZ,-10.4,40.3333,77.32,91,66,4.85,light rain
630,Chachapoyas,PE,-6.2317,-77.869,55.36,96,99,2.71,light rain
631,Daru,PG,-9.0763,143.2092,84.16,67,27,10.38,scattered clouds
632,Yulara,AU,-25.2406,130.9889,78.64,24,2,8.05,clear sky
633,Luderitz,NA,-26.6481,15.1594,71.6,66,0,9.91,clear sky
634,Husavik,IS,66.0449,-17.3389,4.91,78,75,16.24,broken clouds
635,Puerto Rondon,CO,6.2805,-71.1,83.46,41,82,4.0,broken clouds
636,Palauig,PH,15.435,119.9045,81.19,67,78,2.13,broken clouds
637,Tonantins,BR,-2.8731,-67.8022,73.31,99,100,0.11,moderate rain
638,Itoman,JP,26.1247,127.6694,64.78,94,75,20.71,moderate rain
639,Soe,ID,-9.8607,124.284,73.18,72,49,3.76,scattered clouds
640,Novopavlovka,RU,51.2172,109.2091,-27.36,100,42,3.29,scattered clouds
641,Nanortalik,GL,60.1432,-45.2371,24.8,95,100,24.81,snow
642,Qurayyat,SA,31.3318,37.3428,48.38,40,0,9.22,clear sky
643,Severo-Yeniseyskiy,RU,60.3725,93.0408,-22.34,99,41,4.36,scattered clouds
644,Salta,AR,-24.7859,-65.4117,66.49,77,100,5.75,overcast clouds
645,Weesp,NL,52.3075,5.0417,53.51,66,75,18.41,broken clouds
646,Hwange,ZW,-18.3693,26.5019,67.05,77,1,2.84,clear sky
647,Isangel,VU,-19.55,169.2667,85.08,71,89,10.09,overcast clouds
648,Capao Da Canoa,BR,-29.7456,-50.0097,69.8,93,100,1.68,overcast clouds
649,Matay,EG,28.419,30.7792,53.08,73,12,14.47,few clouds
650,Nisia Floresta,BR,-6.0911,-35.2086,83.21,75,1,11.81,clear sky
651,Mbini,GQ,1.574,9.6134,78.64,82,100,5.91,overcast clouds
652,Barranca,PE,-10.75,-77.7667,72.34,76,24,8.23,few clouds
653,Peleduy,RU,59.6289,112.7406,-28.12,100,92,0.47,overcast clouds
654,Presidente Medici,BR,-11.1753,-61.9014,72.64,97,100,2.26,overcast clouds
655,Suntar,RU,62.1444,117.6319,-17.3,100,100,1.63,overcast clouds
656,Terney,RU,45.0503,136.6092,17.13,71,54,8.59,broken clouds
657,Amahai,ID,-3.3333,128.9167,78.87,83,100,2.17,overcast clouds
658,Iquique,CL,-20.2208,-70.1431,69.84,77,58,5.01,broken clouds
659,Vanimo,PG,-2.6741,141.3028,80.74,84,100,2.44,overcast clouds
660,Yantal,RU,56.8471,105.2542,-30.01,100,57,3.29,broken clouds
661,Eyl,SO,7.9803,49.8164,72.68,69,70,13.96,broken clouds
662,Kousseri,CM,12.0769,15.0306,73.09,33,60,8.61,broken clouds
663,Matamoros,MX,25.5333,-103.25,62.71,23,75,4.61,broken clouds
664,Dunedin,NZ,-45.8742,170.5036,61.21,63,4,6.11,clear sky
665,Kazanskaya,RU,45.4106,40.4361,31.86,71,0,10.04,clear sky
666,Nakambala,ZM,-15.8324,27.7799,63.54,94,91,2.21,overcast clouds
667,Port Hawkesbury,CA,45.6169,-61.3485,24.87,85,100,5.75,light snow
668,Sangar,RU,63.9242,127.4739,-37.37,100,49,2.04,scattered clouds
669,Champerico,GT,14.3,-91.9167,89.94,65,1,6.71,clear sky
670,Batagay,RU,67.6333,134.6333,-24.25,92,96,3.06,overcast clouds
671,Marsh Harbour,BS,26.5412,-77.0636,73.71,83,100,12.66,overcast clouds
672,Darhan,MN,49.4867,105.9228,-11.92,99,100,2.68,overcast clouds
673,Westport,US,41.1415,-73.3579,30.33,69,100,1.99,snow
674,Baruun-Urt,MN,46.6806,113.2792,-18.49,99,66,1.3,broken clouds
675,Lander,US,42.833,-108.7307,56.21,18,0,5.75,clear sky
676,Pau Brasil,BR,-15.4642,-39.6511,70.95,99,94,1.41,overcast clouds
677,Thanh Hoa,VN,19.8,105.7667,58.26,80,100,4.47,overcast clouds
678,Misratah,LY,32.3754,15.0925,56.97,65,56,7.4,broken clouds
679,Dunda,TZ,-8.1167,34.25,62.92,92,97,2.24,overcast clouds
680,Adrar,MR,20.5022,-10.0711,61.81,22,81,11.52,broken clouds
681,Paita,PE,-5.0892,-81.1144,74.12,79,18,11.65,few clouds
682,Yerbogachen,RU,61.2767,108.0108,-31.25,100,87,3.4,overcast clouds
683,Preobrazheniye,RU,42.9019,133.9064,19.15,43,87,3.85,overcast clouds
684,Farmington,US,36.7281,-108.2187,57.2,15,0,14.97,clear sky
685,Toora-Khem,RU,52.4675,96.11,-31.85,100,74,0.76,broken clouds
686,Lodja,CD,-3.4833,23.4333,68.85,93,98,2.3,overcast clouds
687,Sawtell,AU,-30.3833,153.1,72.19,90,100,11.5,overcast clouds
688,Palmer,US,42.1584,-72.3287,28.92,56,75,10.36,broken clouds
689,Ayan,RU,56.45,138.1667,-6.36,82,6,5.3,clear sky
690,Roblin,CA,51.23,-101.3565,5.72,90,98,8.21,overcast clouds
691,Guangyuan,CN,32.442,105.823,42.89,80,100,2.51,overcast clouds
692,Jardim,BR,-21.4803,-56.1381,86.43,36,77,4.56,broken clouds
693,Walvis Bay,NA,-22.9575,14.5053,72.55,83,4,3.44,light rain
694,Dubbo,AU,-32.25,148.6167,73.53,53,100,10.36,overcast clouds
695,Beloha,MG,-25.1667,45.05,74.07,89,11,8.77,few clouds
696,Roebourne,AU,-20.7833,117.1333,90.27,49,69,8.59,broken clouds
697,Ikom,NG,5.9667,8.7063,72.52,68,89,1.19,overcast clouds
698,Wamba,NG,8.9333,8.6,75.85,15,35,4.94,scattered clouds
699,Caucaia,BR,-3.7361,-38.6531,83.03,73,20,10.36,few clouds
700,Gaoual,GN,11.75,-13.2,74.61,19,4,1.77,clear sky
701,Dingle,PH,10.9995,122.6711,78.51,83,97,8.25,overcast clouds
702,Tamale,GH,9.4008,-0.8393,84.33,33,38,2.68,scattered clouds
703,Labytnangi,RU,66.6572,66.4183,-14.87,100,100,2.04,overcast clouds
704,Beckley,US,37.7782,-81.1882,28.71,66,75,9.22,broken clouds
705,Coronado,US,32.6859,-117.1831,89.82,15,0,12.66,clear sky
706,Kutum,SD,14.2,24.6667,59.49,18,3,8.88,clear sky
707,Ilhabela,BR,-23.7781,-45.3581,75.13,89,50,9.22,scattered clouds
708,Bandar-E Lengeh,IR,26.5579,54.8807,64.42,54,27,9.13,scattered clouds
709,Sahuaripa,MX,29.05,-109.2333,80.64,13,19,5.99,few clouds
710,Mandalgovi,MN,45.7625,106.2708,-7.96,89,54,7.23,broken clouds
711,Bac Lieu,VN,9.285,105.7244,79.66,79,28,15.43,scattered clouds
712,Helong,CN,42.5397,128.9972,12.85,85,100,3.36,light snow
713,Chemax,MX,20.65,-87.9333,70.27,76,68,8.12,broken clouds
714,Pangai,TO,-19.8,-174.35,86.11,70,20,13.8,few clouds
